FIPS,Qualifying Name,File identification,State Postal Abbreviation,Summary Level,Geographic Component,Logical Record Number,State (FIPS Code),County of current residence,Census Tract,Geographic Identifier,Area Name,Tribal Tract,Population 25 Years and Over,Population 25 Years and Over: Less than High School,Population 25 Years and Over: High School Diploma,Population 25 Years and Over: Bachelor's Degree or Better,% Population 25 Years and Over: Less than High School,% Population 25 Years and Over: High School Diploma,% Population 25 Years and Over: Bachelor's Degree or Better
15001020100,"Census Tract 201, Hawaii County, Hawaii",ACSSF,hi,140,0,280,15,1,20100,14000US15001020100,Census Tract 201,,3102,252,1747,1103,8.12,56.32,35.56
15001020202,"Census Tract 202.02, Hawaii County, Hawaii",ACSSF,hi,140,0,281,15,1,20202,14000US15001020202,Census Tract 202.02,,2066,210,1436,420,10.16,69.51,20.33
15001020300,"Census Tract 203, Hawaii County, Hawaii",ACSSF,hi,140,0,282,15,1,20300,14000US15001020300,Census Tract 203,,2840,292,1392,1156,10.28,49.01,40.7
15001020400,"Census Tract 204, Hawaii County, Hawaii",ACSSF,hi,140,0,283,15,1,20400,14000US15001020400,Census Tract 204,,2524,121,1577,826,4.79,62.48,32.73
15001020500,"Census Tract 205, Hawaii County, Hawaii",ACSSF,hi,140,0,284,15,1,20500,14000US15001020500,Census Tract 205,,3260,369,2162,729,11.32,66.32,22.36
15001020600,"Census Tract 206, Hawaii County, Hawaii",ACSSF,hi,140,0,285,15,1,20600,14000US15001020600,Census Tract 206,,4429,364,3025,1040,8.22,68.3,23.48
15001020701,"Census Tract 207.01, Hawaii County, Hawaii",ACSSF,hi,140,0,286,15,1,20701,14000US15001020701,Census Tract 207.01,,3693,217,2313,1163,5.88,62.63,31.49
15001020702,"Census Tract 207.02, Hawaii County, Hawaii",ACSSF,hi,140,0,287,15,1,20702,14000US15001020702,Census Tract 207.02,,3382,111,2035,1236,3.28,60.17,36.55
15001020801,"Census Tract 208.01, Hawaii County, Hawaii",ACSSF,hi,140,0,288,15,1,20801,14000US15001020801,Census Tract 208.01,,3518,138,2002,1378,3.92,56.91,39.17
15001020802,"Census Tract 208.02, Hawaii County, Hawaii",ACSSF,hi,140,0,289,15,1,20802,14000US15001020802,Census Tract 208.02,,5219,221,2914,2084,4.23,55.83,39.93
15001020900,"Census Tract 209, Hawaii County, Hawaii",ACSSF,hi,140,0,290,15,1,20900,14000US15001020900,Census Tract 209,,3333,92,1883,1358,2.76,56.5,40.74
15001021003,"Census Tract 210.03, Hawaii County, Hawaii",ACSSF,hi,140,0,291,15,1,21003,14000US15001021003,Census Tract 210.03,,4961,614,3552,795,12.38,71.6,16.02
15001021011,"Census Tract 210.11, Hawaii County, Hawaii",ACSSF,hi,140,0,292,15,1,21011,14000US15001021011,Census Tract 210.11,,2786,116,1841,829,4.16,66.08,29.76
15001021013,"Census Tract 210.13, Hawaii County, Hawaii",ACSSF,hi,140,0,293,15,1,21013,14000US15001021013,Census Tract 210.13,,4017,364,2613,1040,9.06,65.05,25.89
15001021014,"Census Tract 210.14, Hawaii County, Hawaii",ACSSF,hi,140,0,294,15,1,21014,14000US15001021014,Census Tract 210.14,,5229,375,4051,803,7.17,77.47,15.36
15001021015,"Census Tract 210.15, Hawaii County, Hawaii",ACSSF,hi,140,0,295,15,1,21015,14000US15001021015,Census Tract 210.15,,2976,131,2048,797,4.4,68.82,26.78
15001021016,"Census Tract 210.16, Hawaii County, Hawaii",ACSSF,hi,140,0,296,15,1,21016,14000US15001021016,Census Tract 210.16,,3447,180,2578,689,5.22,74.79,19.99
15001021017,"Census Tract 210.17, Hawaii County, Hawaii",ACSSF,hi,140,0,297,15,1,21017,14000US15001021017,Census Tract 210.17,,2913,246,1699,968,8.44,58.32,33.23
15001021101,"Census Tract 211.01, Hawaii County, Hawaii",ACSSF,hi,140,0,298,15,1,21101,14000US15001021101,Census Tract 211.01,,2409,123,1448,838,5.11,60.11,34.79
15001021107,"Census Tract 211.07, Hawaii County, Hawaii",ACSSF,hi,140,0,299,15,1,21107,14000US15001021107,Census Tract 211.07,,859,73,511,275,8.5,59.49,32.01
15001021108,"Census Tract 211.08, Hawaii County, Hawaii",ACSSF,hi,140,0,300,15,1,21108,14000US15001021108,Census Tract 211.08,,4641,508,3087,1046,10.95,66.52,22.54
15001021203,"Census Tract 212.03, Hawaii County, Hawaii",ACSSF,hi,140,0,301,15,1,21203,14000US15001021203,Census Tract 212.03,,4364,500,3141,723,11.46,71.98,16.57
15001021204,"Census Tract 212.04, Hawaii County, Hawaii",ACSSF,hi,140,0,302,15,1,21204,14000US15001021204,Census Tract 212.04,,1813,124,1297,392,6.84,71.54,21.62
15001021300,"Census Tract 213, Hawaii County, Hawaii",ACSSF,hi,140,0,303,15,1,21300,14000US15001021300,Census Tract 213,,5717,660,3401,1656,11.54,59.49,28.97
15001021402,"Census Tract 214.02, Hawaii County, Hawaii",ACSSF,hi,140,0,304,15,1,21402,14000US15001021402,Census Tract 214.02,,2568,176,1685,707,6.85,65.62,27.53
15001021502,"Census Tract 215.02, Hawaii County, Hawaii",ACSSF,hi,140,0,305,15,1,21502,14000US15001021502,Census Tract 215.02,,3540,213,2307,1020,6.02,65.17,28.81
15001021504,"Census Tract 215.04, Hawaii County, Hawaii",ACSSF,hi,140,0,306,15,1,21504,14000US15001021504,Census Tract 215.04,,3441,455,2413,573,13.22,70.12,16.65
15001021510,"Census Tract 215.10, Hawaii County, Hawaii",ACSSF,hi,140,0,307,15,1,21510,14000US15001021510,Census Tract 215.10,,4012,270,2015,1727,6.73,50.22,43.05
15001021511,"Census Tract 215.11, Hawaii County, Hawaii",ACSSF,hi,140,0,308,15,1,21511,14000US15001021511,Census Tract 215.11,,1622,52,1057,513,3.21,65.17,31.63
15001021512,"Census Tract 215.12, Hawaii County, Hawaii",ACSSF,hi,140,0,309,15,1,21512,14000US15001021512,Census Tract 215.12,,3205,71,2159,975,2.22,67.36,30.42
15001021513,"Census Tract 215.13, Hawaii County, Hawaii",ACSSF,hi,140,0,310,15,1,21513,14000US15001021513,Census Tract 215.13,,4016,268,2682,1066,6.67,66.78,26.54
15001021605,"Census Tract 216.05, Hawaii County, Hawaii",ACSSF,hi,140,0,311,15,1,21605,14000US15001021605,Census Tract 216.05,,4084,384,2578,1122,9.4,63.12,27.47
15001021606,"Census Tract 216.06, Hawaii County, Hawaii",ACSSF,hi,140,0,312,15,1,21606,14000US15001021606,Census Tract 216.06,,2669,223,1478,968,8.36,55.38,36.27
15001021607,"Census Tract 216.07, Hawaii County, Hawaii",ACSSF,hi,140,0,313,15,1,21607,14000US15001021607,Census Tract 216.07,,3673,263,1904,1506,7.16,51.84,41
15001021608,"Census Tract 216.08, Hawaii County, Hawaii",ACSSF,hi,140,0,314,15,1,21608,14000US15001021608,Census Tract 216.08,,3135,69,1438,1628,2.2,45.87,51.93
15001021705,"Census Tract 217.05, Hawaii County, Hawaii",ACSSF,hi,140,0,315,15,1,21705,14000US15001021705,Census Tract 217.05,,4469,117,2284,2068,2.62,51.11,46.27
15001021706,"Census Tract 217.06, Hawaii County, Hawaii",ACSSF,hi,140,0,316,15,1,21706,14000US15001021706,Census Tract 217.06,,3174,171,1919,1084,5.39,60.46,34.15
15001021707,"Census Tract 217.07, Hawaii County, Hawaii",ACSSF,hi,140,0,317,15,1,21707,14000US15001021707,Census Tract 217.07,,2967,235,1944,788,7.92,65.52,26.56
15001021708,"Census Tract 217.08, Hawaii County, Hawaii",ACSSF,hi,140,0,318,15,1,21708,14000US15001021708,Census Tract 217.08,,3407,184,1883,1340,5.4,55.27,39.33
15001021800,"Census Tract 218, Hawaii County, Hawaii",ACSSF,hi,140,0,319,15,1,21800,14000US15001021800,Census Tract 218,,4465,164,2769,1532,3.67,62.02,34.31
15001021902,"Census Tract 219.02, Hawaii County, Hawaii",ACSSF,hi,140,0,320,15,1,21902,14000US15001021902,Census Tract 219.02,,2315,313,1514,488,13.52,65.4,21.08
15001022000,"Census Tract 220, Hawaii County, Hawaii",ACSSF,hi,140,0,321,15,1,22000,14000US15001022000,Census Tract 220,,1836,134,1280,422,7.3,69.72,22.98
15001022102,"Census Tract 221.02, Hawaii County, Hawaii",ACSSF,hi,140,0,322,15,1,22102,14000US15001022102,Census Tract 221.02,,1244,122,753,369,9.81,60.53,29.66
15001990000,"Census Tract 9900, Hawaii County, Hawaii",ACSSF,hi,140,0,323,15,1,990000,14000US15001990000,Census Tract 9900,,0,0,0,0,,,
15001990100,"Census Tract 9901, Hawaii County, Hawaii",ACSSF,hi,140,0,324,15,1,990100,14000US15001990100,Census Tract 9901,,0,0,0,0,,,
15001990300,"Census Tract 9903, Hawaii County, Hawaii",ACSSF,hi,140,0,325,15,1,990300,14000US15001990300,Census Tract 9903,,0,0,0,0,,,
15001990400,"Census Tract 9904, Hawaii County, Hawaii",ACSSF,hi,140,0,326,15,1,990400,14000US15001990400,Census Tract 9904,,0,0,0,0,,,
15001990500,"Census Tract 9905, Hawaii County, Hawaii",ACSSF,hi,140,0,327,15,1,990500,14000US15001990500,Census Tract 9905,,0,0,0,0,,,
15001990600,"Census Tract 9906, Hawaii County, Hawaii",ACSSF,hi,140,0,328,15,1,990600,14000US15001990600,Census Tract 9906,,0,0,0,0,,,
15001990700,"Census Tract 9907, Hawaii County, Hawaii",ACSSF,hi,140,0,329,15,1,990700,14000US15001990700,Census Tract 9907,,0,0,0,0,,,
15001990800,"Census Tract 9908, Hawaii County, Hawaii",ACSSF,hi,140,0,330,15,1,990800,14000US15001990800,Census Tract 9908,,0,0,0,0,,,
15001990900,"Census Tract 9909, Hawaii County, Hawaii",ACSSF,hi,140,0,331,15,1,990900,14000US15001990900,Census Tract 9909,,0,0,0,0,,,
15001991000,"Census Tract 9910, Hawaii County, Hawaii",ACSSF,hi,140,0,332,15,1,991000,14000US15001991000,Census Tract 9910,,0,0,0,0,,,
15001991100,"Census Tract 9911, Hawaii County, Hawaii",ACSSF,hi,140,0,333,15,1,991100,14000US15001991100,Census Tract 9911,,0,0,0,0,,,
15001991200,"Census Tract 9912, Hawaii County, Hawaii",ACSSF,hi,140,0,334,15,1,991200,14000US15001991200,Census Tract 9912,,0,0,0,0,,,
15001991300,"Census Tract 9913, Hawaii County, Hawaii",ACSSF,hi,140,0,335,15,1,991300,14000US15001991300,Census Tract 9913,,0,0,0,0,,,
15001991400,"Census Tract 9914, Hawaii County, Hawaii",ACSSF,hi,140,0,336,15,1,991400,14000US15001991400,Census Tract 9914,,0,0,0,0,,,
15001991500,"Census Tract 9915, Hawaii County, Hawaii",ACSSF,hi,140,0,337,15,1,991500,14000US15001991500,Census Tract 9915,,0,0,0,0,,,
15001991600,"Census Tract 9916, Hawaii County, Hawaii",ACSSF,hi,140,0,338,15,1,991600,14000US15001991600,Census Tract 9916,,0,0,0,0,,,
15001991700,"Census Tract 9917, Hawaii County, Hawaii",ACSSF,hi,140,0,339,15,1,991700,14000US15001991700,Census Tract 9917,,0,0,0,0,,,
15003000107,"Census Tract 1.07, Honolulu County, Hawaii",ACSSF,hi,140,0,340,15,3,107,14000US15003000107,Census Tract 1.07,,1933,31,743,1159,1.6,38.44,59.96
15003000108,"Census Tract 1.08, Honolulu County, Hawaii",ACSSF,hi,140,0,341,15,3,108,14000US15003000108,Census Tract 1.08,,2505,24,926,1555,0.96,36.97,62.08
15003000110,"Census Tract 1.10, Honolulu County, Hawaii",ACSSF,hi,140,0,342,15,3,110,14000US15003000110,Census Tract 1.10,,2856,29,1245,1582,1.02,43.59,55.39
15003000114,"Census Tract 1.14, Honolulu County, Hawaii",ACSSF,hi,140,0,343,15,3,114,14000US15003000114,Census Tract 1.14,,1125,39,324,762,3.47,28.8,67.73
15003000115,"Census Tract 1.15, Honolulu County, Hawaii",ACSSF,hi,140,0,344,15,3,115,14000US15003000115,Census Tract 1.15,,1880,21,668,1191,1.12,35.53,63.35
15003000116,"Census Tract 1.16, Honolulu County, Hawaii",ACSSF,hi,140,0,345,15,3,116,14000US15003000116,Census Tract 1.16,,1748,0,593,1155,0,33.92,66.08
15003000117,"Census Tract 1.17, Honolulu County, Hawaii",ACSSF,hi,140,0,346,15,3,117,14000US15003000117,Census Tract 1.17,,980,0,343,637,0,35,65
15003000118,"Census Tract 1.18, Honolulu County, Hawaii",ACSSF,hi,140,0,347,15,3,118,14000US15003000118,Census Tract 1.18,,1396,77,481,838,5.52,34.46,60.03
15003000119,"Census Tract 1.19, Honolulu County, Hawaii",ACSSF,hi,140,0,348,15,3,119,14000US15003000119,Census Tract 1.19,,1771,182,766,823,10.28,43.25,46.47
15003000120,"Census Tract 1.20, Honolulu County, Hawaii",ACSSF,hi,140,0,349,15,3,120,14000US15003000120,Census Tract 1.20,,1624,28,505,1091,1.72,31.1,67.18
15003000121,"Census Tract 1.21, Honolulu County, Hawaii",ACSSF,hi,140,0,350,15,3,121,14000US15003000121,Census Tract 1.21,,1821,16,501,1304,0.88,27.51,71.61
15003000122,"Census Tract 1.22, Honolulu County, Hawaii",ACSSF,hi,140,0,351,15,3,122,14000US15003000122,Census Tract 1.22,,2719,41,1827,851,1.51,67.19,31.3
15003000200,"Census Tract 2, Honolulu County, Hawaii",ACSSF,hi,140,0,352,15,3,200,14000US15003000200,Census Tract 2,,4058,213,1675,2170,5.25,41.28,53.47
15003000301,"Census Tract 3.01, Honolulu County, Hawaii",ACSSF,hi,140,0,353,15,3,301,14000US15003000301,Census Tract 3.01,,2886,70,1156,1660,2.43,40.06,57.52
15003000302,"Census Tract 3.02, Honolulu County, Hawaii",ACSSF,hi,140,0,354,15,3,302,14000US15003000302,Census Tract 3.02,,2096,60,856,1180,2.86,40.84,56.3
15003000401,"Census Tract 4.01, Honolulu County, Hawaii",ACSSF,hi,140,0,355,15,3,401,14000US15003000401,Census Tract 4.01,,2140,36,667,1437,1.68,31.17,67.15
15003000402,"Census Tract 4.02, Honolulu County, Hawaii",ACSSF,hi,140,0,356,15,3,402,14000US15003000402,Census Tract 4.02,,3061,55,850,2156,1.8,27.77,70.43
15003000500,"Census Tract 5, Honolulu County, Hawaii",ACSSF,hi,140,0,357,15,3,500,14000US15003000500,Census Tract 5,,2711,52,1045,1614,1.92,38.55,59.54
15003000600,"Census Tract 6, Honolulu County, Hawaii",ACSSF,hi,140,0,358,15,3,600,14000US15003000600,Census Tract 6,,1038,0,337,701,0,32.47,67.53
15003000700,"Census Tract 7, Honolulu County, Hawaii",ACSSF,hi,140,0,359,15,3,700,14000US15003000700,Census Tract 7,,2600,230,1251,1119,8.85,48.12,43.04
15003000800,"Census Tract 8, Honolulu County, Hawaii",ACSSF,hi,140,0,360,15,3,800,14000US15003000800,Census Tract 8,,3025,136,1416,1473,4.5,46.81,48.69
15003000901,"Census Tract 9.01, Honolulu County, Hawaii",ACSSF,hi,140,0,361,15,3,901,14000US15003000901,Census Tract 9.01,,1932,24,760,1148,1.24,39.34,59.42
15003000903,"Census Tract 9.03, Honolulu County, Hawaii",ACSSF,hi,140,0,362,15,3,903,14000US15003000903,Census Tract 9.03,,2061,70,914,1077,3.4,44.35,52.26
15003000904,"Census Tract 9.04, Honolulu County, Hawaii",ACSSF,hi,140,0,363,15,3,904,14000US15003000904,Census Tract 9.04,,1800,19,992,789,1.06,55.11,43.83
15003000905,"Census Tract 9.05, Honolulu County, Hawaii",ACSSF,hi,140,0,364,15,3,905,14000US15003000905,Census Tract 9.05,,1779,46,632,1101,2.59,35.53,61.89
15003001000,"Census Tract 10, Honolulu County, Hawaii",ACSSF,hi,140,0,365,15,3,1000,14000US15003001000,Census Tract 10,,2676,171,1752,753,6.39,65.47,28.14
15003001101,"Census Tract 11.01, Honolulu County, Hawaii",ACSSF,hi,140,0,366,15,3,1101,14000US15003001101,Census Tract 11.01,,1204,171,754,279,14.2,62.62,23.17
15003001102,"Census Tract 11.02, Honolulu County, Hawaii",ACSSF,hi,140,0,367,15,3,1102,14000US15003001102,Census Tract 11.02,,1406,120,860,426,8.53,61.17,30.3
15003001201,"Census Tract 12.01, Honolulu County, Hawaii",ACSSF,hi,140,0,368,15,3,1201,14000US15003001201,Census Tract 12.01,,2597,138,1359,1100,5.31,52.33,42.36
15003001202,"Census Tract 12.02, Honolulu County, Hawaii",ACSSF,hi,140,0,369,15,3,1202,14000US15003001202,Census Tract 12.02,,2236,294,1216,726,13.15,54.38,32.47
15003001300,"Census Tract 13, Honolulu County, Hawaii",ACSSF,hi,140,0,370,15,3,1300,14000US15003001300,Census Tract 13,,2906,187,1495,1224,6.43,51.45,42.12
15003001400,"Census Tract 14, Honolulu County, Hawaii",ACSSF,hi,140,0,371,15,3,1400,14000US15003001400,Census Tract 14,,2079,202,957,920,9.72,46.03,44.25
15003001501,"Census Tract 15.01, Honolulu County, Hawaii",ACSSF,hi,140,0,372,15,3,1501,14000US15003001501,Census Tract 15.01,,1628,177,797,654,10.87,48.96,40.17
15003001502,"Census Tract 15.02, Honolulu County, Hawaii",ACSSF,hi,140,0,373,15,3,1502,14000US15003001502,Census Tract 15.02,,2005,105,1082,818,5.24,53.97,40.8
15003001601,"Census Tract 16.01, Honolulu County, Hawaii",ACSSF,hi,140,0,374,15,3,1601,14000US15003001601,Census Tract 16.01,,1563,157,772,634,10.04,49.39,40.56
15003001602,"Census Tract 16.02, Honolulu County, Hawaii",ACSSF,hi,140,0,375,15,3,1602,14000US15003001602,Census Tract 16.02,,1259,65,586,608,5.16,46.54,48.29
15003001700,"Census Tract 17, Honolulu County, Hawaii",ACSSF,hi,140,0,376,15,3,1700,14000US15003001700,Census Tract 17,,1677,12,486,1179,0.72,28.98,70.3
15003001801,"Census Tract 18.01, Honolulu County, Hawaii",ACSSF,hi,140,0,377,15,3,1801,14000US15003001801,Census Tract 18.01,,812,36,472,304,4.43,58.13,37.44
15003001803,"Census Tract 18.03, Honolulu County, Hawaii",ACSSF,hi,140,0,378,15,3,1803,14000US15003001803,Census Tract 18.03,,2134,96,1224,814,4.5,57.36,38.14
15003001804,"Census Tract 18.04, Honolulu County, Hawaii",ACSSF,hi,140,0,379,15,3,1804,14000US15003001804,Census Tract 18.04,,1202,73,459,670,6.07,38.19,55.74
15003001901,"Census Tract 19.01, Honolulu County, Hawaii",ACSSF,hi,140,0,380,15,3,1901,14000US15003001901,Census Tract 19.01,,404,0,219,185,0,54.21,45.79
15003001905,"Census Tract 19.05, Honolulu County, Hawaii",ACSSF,hi,140,0,381,15,3,1905,14000US15003001905,Census Tract 19.05,,1166,0,465,701,0,39.88,60.12
15003001906,"Census Tract 19.06, Honolulu County, Hawaii",ACSSF,hi,140,0,382,15,3,1906,14000US15003001906,Census Tract 19.06,,2572,142,1119,1311,5.52,43.51,50.97
15003001907,"Census Tract 19.07, Honolulu County, Hawaii",ACSSF,hi,140,0,383,15,3,1907,14000US15003001907,Census Tract 19.07,,2292,57,1288,947,2.49,56.2,41.32
15003002003,"Census Tract 20.03, Honolulu County, Hawaii",ACSSF,hi,140,0,384,15,3,2003,14000US15003002003,Census Tract 20.03,,1328,63,613,652,4.74,46.16,49.1
15003002004,"Census Tract 20.04, Honolulu County, Hawaii",ACSSF,hi,140,0,385,15,3,2004,14000US15003002004,Census Tract 20.04,,961,34,510,417,3.54,53.07,43.39
15003002005,"Census Tract 20.05, Honolulu County, Hawaii",ACSSF,hi,140,0,386,15,3,2005,14000US15003002005,Census Tract 20.05,,1535,95,751,689,6.19,48.93,44.89
15003002006,"Census Tract 20.06, Honolulu County, Hawaii",ACSSF,hi,140,0,387,15,3,2006,14000US15003002006,Census Tract 20.06,,1688,53,1001,634,3.14,59.3,37.56
15003002101,"Census Tract 21.01, Honolulu County, Hawaii",ACSSF,hi,140,0,388,15,3,2101,14000US15003002101,Census Tract 21.01,,1325,117,581,627,8.83,43.85,47.32
15003002102,"Census Tract 21.02, Honolulu County, Hawaii",ACSSF,hi,140,0,389,15,3,2102,14000US15003002102,Census Tract 21.02,,1291,72,797,422,5.58,61.74,32.69
15003002203,"Census Tract 22.03, Honolulu County, Hawaii",ACSSF,hi,140,0,390,15,3,2203,14000US15003002203,Census Tract 22.03,,1391,77,676,638,5.54,48.6,45.87
15003002204,"Census Tract 22.04, Honolulu County, Hawaii",ACSSF,hi,140,0,391,15,3,2204,14000US15003002204,Census Tract 22.04,,1053,41,536,476,3.89,50.9,45.2
15003002205,"Census Tract 22.05, Honolulu County, Hawaii",ACSSF,hi,140,0,392,15,3,2205,14000US15003002205,Census Tract 22.05,,1570,7,585,978,0.45,37.26,62.29
15003002206,"Census Tract 22.06, Honolulu County, Hawaii",ACSSF,hi,140,0,393,15,3,2206,14000US15003002206,Census Tract 22.06,,1911,195,1186,530,10.2,62.06,27.73
15003002301,"Census Tract 23.01, Honolulu County, Hawaii",ACSSF,hi,140,0,394,15,3,2301,14000US15003002301,Census Tract 23.01,,2834,84,1778,972,2.96,62.74,34.3
15003002302,"Census Tract 23.02, Honolulu County, Hawaii",ACSSF,hi,140,0,395,15,3,2302,14000US15003002302,Census Tract 23.02,,1380,162,726,492,11.74,52.61,35.65
15003002401,"Census Tract 24.01, Honolulu County, Hawaii",ACSSF,hi,140,0,396,15,3,2401,14000US15003002401,Census Tract 24.01,,2408,181,1237,990,7.52,51.37,41.11
15003002403,"Census Tract 24.03, Honolulu County, Hawaii",ACSSF,hi,140,0,397,15,3,2403,14000US15003002403,Census Tract 24.03,,1237,214,741,282,17.3,59.9,22.8
15003002404,"Census Tract 24.04, Honolulu County, Hawaii",ACSSF,hi,140,0,398,15,3,2404,14000US15003002404,Census Tract 24.04,,1168,104,615,449,8.9,52.65,38.44
15003002500,"Census Tract 25, Honolulu County, Hawaii",ACSSF,hi,140,0,399,15,3,2500,14000US15003002500,Census Tract 25,,2836,247,1625,964,8.71,57.3,33.99
15003002600,"Census Tract 26, Honolulu County, Hawaii",ACSSF,hi,140,0,400,15,3,2600,14000US15003002600,Census Tract 26,,2961,186,1530,1245,6.28,51.67,42.05
15003002701,"Census Tract 27.01, Honolulu County, Hawaii",ACSSF,hi,140,0,401,15,3,2701,14000US15003002701,Census Tract 27.01,,1892,26,1100,766,1.37,58.14,40.49
15003002702,"Census Tract 27.02, Honolulu County, Hawaii",ACSSF,hi,140,0,402,15,3,2702,14000US15003002702,Census Tract 27.02,,3963,164,1725,2074,4.14,43.53,52.33
15003002801,"Census Tract 28.01, Honolulu County, Hawaii",ACSSF,hi,140,0,403,15,3,2801,14000US15003002801,Census Tract 28.01,,1334,36,601,697,2.7,45.05,52.25
15003002802,"Census Tract 28.02, Honolulu County, Hawaii",ACSSF,hi,140,0,404,15,3,2802,14000US15003002802,Census Tract 28.02,,1817,118,883,816,6.49,48.6,44.91
15003002900,"Census Tract 29, Honolulu County, Hawaii",ACSSF,hi,140,0,405,15,3,2900,14000US15003002900,Census Tract 29,,1856,12,491,1353,0.65,26.45,72.9
15003003000,"Census Tract 30, Honolulu County, Hawaii",ACSSF,hi,140,0,406,15,3,3000,14000US15003003000,Census Tract 30,,3975,111,1383,2481,2.79,34.79,62.42
15003003102,"Census Tract 31.02, Honolulu County, Hawaii",ACSSF,hi,140,0,407,15,3,3102,14000US15003003102,Census Tract 31.02,,2725,55,920,1750,2.02,33.76,64.22
15003003103,"Census Tract 31.03, Honolulu County, Hawaii",ACSSF,hi,140,0,408,15,3,3103,14000US15003003103,Census Tract 31.03,,1430,8,720,702,0.56,50.35,49.09
15003003104,"Census Tract 31.04, Honolulu County, Hawaii",ACSSF,hi,140,0,409,15,3,3104,14000US15003003104,Census Tract 31.04,,1895,45,656,1194,2.37,34.62,63.01
15003003404,"Census Tract 34.04, Honolulu County, Hawaii",ACSSF,hi,140,0,410,15,3,3404,14000US15003003404,Census Tract 34.04,,3704,258,1599,1847,6.97,43.17,49.87
15003003408,"Census Tract 34.08, Honolulu County, Hawaii",ACSSF,hi,140,0,411,15,3,3408,14000US15003003408,Census Tract 34.08,,1717,109,971,637,6.35,56.55,37.1
15003003409,"Census Tract 34.09, Honolulu County, Hawaii",ACSSF,hi,140,0,412,15,3,3409,14000US15003003409,Census Tract 34.09,,1605,91,951,563,5.67,59.25,35.08
15003003410,"Census Tract 34.10, Honolulu County, Hawaii",ACSSF,hi,140,0,413,15,3,3410,14000US15003003410,Census Tract 34.10,,1655,401,740,514,24.23,44.71,31.06
15003003411,"Census Tract 34.11, Honolulu County, Hawaii",ACSSF,hi,140,0,414,15,3,3411,14000US15003003411,Census Tract 34.11,,1216,32,671,513,2.63,55.18,42.19
15003003412,"Census Tract 34.12, Honolulu County, Hawaii",ACSSF,hi,140,0,415,15,3,3412,14000US15003003412,Census Tract 34.12,,1507,15,336,1156,1,22.3,76.71
15003003413,"Census Tract 34.13, Honolulu County, Hawaii",ACSSF,hi,140,0,416,15,3,3413,14000US15003003413,Census Tract 34.13,,1914,144,954,816,7.52,49.84,42.63
15003003414,"Census Tract 34.14, Honolulu County, Hawaii",ACSSF,hi,140,0,417,15,3,3414,14000US15003003414,Census Tract 34.14,,3866,257,1617,1992,6.65,41.83,51.53
15003003501,"Census Tract 35.01, Honolulu County, Hawaii",ACSSF,hi,140,0,418,15,3,3501,14000US15003003501,Census Tract 35.01,,2067,156,1182,729,7.55,57.18,35.27
15003003503,"Census Tract 35.03, Honolulu County, Hawaii",ACSSF,hi,140,0,419,15,3,3503,14000US15003003503,Census Tract 35.03,,966,238,459,269,24.64,47.52,27.85
15003003504,"Census Tract 35.04, Honolulu County, Hawaii",ACSSF,hi,140,0,420,15,3,3504,14000US15003003504,Census Tract 35.04,,2604,181,1234,1189,6.95,47.39,45.66
15003003603,"Census Tract 36.03, Honolulu County, Hawaii",ACSSF,hi,140,0,421,15,3,3603,14000US15003003603,Census Tract 36.03,,2875,450,1595,830,15.65,55.48,28.87
15003003604,"Census Tract 36.04, Honolulu County, Hawaii",ACSSF,hi,140,0,422,15,3,3604,14000US15003003604,Census Tract 36.04,,1948,143,1042,763,7.34,53.49,39.17
15003003605,"Census Tract 36.05, Honolulu County, Hawaii",ACSSF,hi,140,0,423,15,3,3605,14000US15003003605,Census Tract 36.05,,692,60,468,164,8.67,67.63,23.7
15003003606,"Census Tract 36.06, Honolulu County, Hawaii",ACSSF,hi,140,0,424,15,3,3606,14000US15003003606,Census Tract 36.06,,2342,188,1282,872,8.03,54.74,37.23
15003003701,"Census Tract 37.01, Honolulu County, Hawaii",ACSSF,hi,140,0,425,15,3,3701,14000US15003003701,Census Tract 37.01,,1819,90,1113,616,4.95,61.19,33.86
15003003702,"Census Tract 37.02, Honolulu County, Hawaii",ACSSF,hi,140,0,426,15,3,3702,14000US15003003702,Census Tract 37.02,,2559,109,1093,1357,4.26,42.71,53.03
15003003703,"Census Tract 37.03, Honolulu County, Hawaii",ACSSF,hi,140,0,427,15,3,3703,14000US15003003703,Census Tract 37.03,,2352,48,624,1680,2.04,26.53,71.43
15003003801,"Census Tract 38.01, Honolulu County, Hawaii",ACSSF,hi,140,0,428,15,3,3801,14000US15003003801,Census Tract 38.01,,3392,436,1490,1466,12.85,43.93,43.22
15003003802,"Census Tract 38.02, Honolulu County, Hawaii",ACSSF,hi,140,0,429,15,3,3802,14000US15003003802,Census Tract 38.02,,3987,57,1491,2439,1.43,37.4,61.17
15003003900,"Census Tract 39, Honolulu County, Hawaii",ACSSF,hi,140,0,430,15,3,3900,14000US15003003900,Census Tract 39,,251,24,160,67,9.56,63.75,26.69
15003004000,"Census Tract 40, Honolulu County, Hawaii",ACSSF,hi,140,0,431,15,3,4000,14000US15003004000,Census Tract 40,,1158,18,569,571,1.55,49.14,49.31
15003004101,"Census Tract 41.01, Honolulu County, Hawaii",ACSSF,hi,140,0,432,15,3,4101,14000US15003004101,Census Tract 41.01,,1214,36,747,431,2.97,61.53,35.5
15003004102,"Census Tract 41.02, Honolulu County, Hawaii",ACSSF,hi,140,0,433,15,3,4102,14000US15003004102,Census Tract 41.02,,1981,116,1021,844,5.86,51.54,42.6
15003004201,"Census Tract 42.01, Honolulu County, Hawaii",ACSSF,hi,140,0,434,15,3,4201,14000US15003004201,Census Tract 42.01,,1266,27,594,645,2.13,46.92,50.95
15003004202,"Census Tract 42.02, Honolulu County, Hawaii",ACSSF,hi,140,0,435,15,3,4202,14000US15003004202,Census Tract 42.02,,1436,48,552,836,3.34,38.44,58.22
15003004301,"Census Tract 43.01, Honolulu County, Hawaii",ACSSF,hi,140,0,436,15,3,4301,14000US15003004301,Census Tract 43.01,,1656,2,952,702,0.12,57.49,42.39
15003004302,"Census Tract 43.02, Honolulu County, Hawaii",ACSSF,hi,140,0,437,15,3,4302,14000US15003004302,Census Tract 43.02,,1854,88,1156,610,4.75,62.35,32.9
15003004401,"Census Tract 44.01, Honolulu County, Hawaii",ACSSF,hi,140,0,438,15,3,4401,14000US15003004401,Census Tract 44.01,,1724,172,939,613,9.98,54.47,35.56
15003004402,"Census Tract 44.02, Honolulu County, Hawaii",ACSSF,hi,140,0,439,15,3,4402,14000US15003004402,Census Tract 44.02,,2091,77,1218,796,3.68,58.25,38.07
15003004500,"Census Tract 45, Honolulu County, Hawaii",ACSSF,hi,140,0,440,15,3,4500,14000US15003004500,Census Tract 45,,3747,144,1741,1862,3.84,46.46,49.69
15003004600,"Census Tract 46, Honolulu County, Hawaii",ACSSF,hi,140,0,441,15,3,4600,14000US15003004600,Census Tract 46,,2969,74,1452,1443,2.49,48.91,48.6
15003004701,"Census Tract 47.01, Honolulu County, Hawaii",ACSSF,hi,140,0,442,15,3,4701,14000US15003004701,Census Tract 47.01,,1819,90,867,862,4.95,47.66,47.39
15003004702,"Census Tract 47.02, Honolulu County, Hawaii",ACSSF,hi,140,0,443,15,3,4702,14000US15003004702,Census Tract 47.02,,1946,203,966,777,10.43,49.64,39.93
15003004801,"Census Tract 48.01, Honolulu County, Hawaii",ACSSF,hi,140,0,444,15,3,4801,14000US15003004801,Census Tract 48.01,,2409,236,1290,883,9.8,53.55,36.65
15003004802,"Census Tract 48.02, Honolulu County, Hawaii",ACSSF,hi,140,0,445,15,3,4802,14000US15003004802,Census Tract 48.02,,2525,369,1589,567,14.61,62.93,22.46
15003004900,"Census Tract 49, Honolulu County, Hawaii",ACSSF,hi,140,0,446,15,3,4900,14000US15003004900,Census Tract 49,,2729,348,1614,767,12.75,59.14,28.11
15003005000,"Census Tract 50, Honolulu County, Hawaii",ACSSF,hi,140,0,447,15,3,5000,14000US15003005000,Census Tract 50,,3227,417,1836,974,12.92,56.89,30.18
15003005100,"Census Tract 51, Honolulu County, Hawaii",ACSSF,hi,140,0,448,15,3,5100,14000US15003005100,Census Tract 51,,2425,601,967,857,24.78,39.88,35.34
15003005200,"Census Tract 52, Honolulu County, Hawaii",ACSSF,hi,140,0,449,15,3,5200,14000US15003005200,Census Tract 52,,2112,632,1149,331,29.92,54.4,15.67
15003005300,"Census Tract 53, Honolulu County, Hawaii",ACSSF,hi,140,0,450,15,3,5300,14000US15003005300,Census Tract 53,,2776,779,1546,451,28.06,55.69,16.25
15003005400,"Census Tract 54, Honolulu County, Hawaii",ACSSF,hi,140,0,451,15,3,5400,14000US15003005400,Census Tract 54,,812,259,520,33,31.9,64.04,4.06
15003005500,"Census Tract 55, Honolulu County, Hawaii",ACSSF,hi,140,0,452,15,3,5500,14000US15003005500,Census Tract 55,,1511,522,825,164,34.55,54.6,10.85
15003005601,"Census Tract 56.01, Honolulu County, Hawaii",ACSSF,hi,140,0,453,15,3,5601,14000US15003005601,Census Tract 56.01,,1720,478,980,262,27.79,56.98,15.23
15003005602,"Census Tract 56.02, Honolulu County, Hawaii",ACSSF,hi,140,0,454,15,3,5602,14000US15003005602,Census Tract 56.02,,2827,563,1694,570,19.92,59.92,20.16
15003005700,"Census Tract 57, Honolulu County, Hawaii",ACSSF,hi,140,0,455,15,3,5700,14000US15003005700,Census Tract 57,,2185,422,1400,363,19.31,64.07,16.61
15003005800,"Census Tract 58, Honolulu County, Hawaii",ACSSF,hi,140,0,456,15,3,5800,14000US15003005800,Census Tract 58,,2194,799,1209,186,36.42,55.1,8.48
15003005900,"Census Tract 59, Honolulu County, Hawaii",ACSSF,hi,140,0,457,15,3,5900,14000US15003005900,Census Tract 59,,2769,557,1959,253,20.12,70.75,9.14
15003006000,"Census Tract 60, Honolulu County, Hawaii",ACSSF,hi,140,0,458,15,3,6000,14000US15003006000,Census Tract 60,,3956,1163,2134,659,29.4,53.94,16.66
15003006100,"Census Tract 61, Honolulu County, Hawaii",ACSSF,hi,140,0,459,15,3,6100,14000US15003006100,Census Tract 61,,2990,645,1760,585,21.57,58.86,19.57
15003006202,"Census Tract 62.02, Honolulu County, Hawaii",ACSSF,hi,140,0,460,15,3,6202,14000US15003006202,Census Tract 62.02,,1189,333,771,85,28.01,64.84,7.15
15003006203,"Census Tract 62.03, Honolulu County, Hawaii",ACSSF,hi,140,0,461,15,3,6203,14000US15003006203,Census Tract 62.03,,3326,559,2486,281,16.81,74.74,8.45
15003006301,"Census Tract 63.01, Honolulu County, Hawaii",ACSSF,hi,140,0,462,15,3,6301,14000US15003006301,Census Tract 63.01,,2839,731,1734,374,25.75,61.08,13.17
15003006302,"Census Tract 63.02, Honolulu County, Hawaii",ACSSF,hi,140,0,463,15,3,6302,14000US15003006302,Census Tract 63.02,,1577,387,986,204,24.54,62.52,12.94
15003006401,"Census Tract 64.01, Honolulu County, Hawaii",ACSSF,hi,140,0,464,15,3,6401,14000US15003006401,Census Tract 64.01,,1471,372,876,223,25.29,59.55,15.16
15003006402,"Census Tract 64.02, Honolulu County, Hawaii",ACSSF,hi,140,0,465,15,3,6402,14000US15003006402,Census Tract 64.02,,5082,868,3059,1155,17.08,60.19,22.73
15003006500,"Census Tract 65, Honolulu County, Hawaii",ACSSF,hi,140,0,466,15,3,6500,14000US15003006500,Census Tract 65,,3736,577,2448,711,15.44,65.52,19.03
15003006703,"Census Tract 67.03, Honolulu County, Hawaii",ACSSF,hi,140,0,467,15,3,6703,14000US15003006703,Census Tract 67.03,,964,52,468,444,5.39,48.55,46.06
15003006704,"Census Tract 67.04, Honolulu County, Hawaii",ACSSF,hi,140,0,468,15,3,6704,14000US15003006704,Census Tract 67.04,,4784,202,2771,1811,4.22,57.92,37.86
15003006806,"Census Tract 68.06, Honolulu County, Hawaii",ACSSF,hi,140,0,469,15,3,6806,14000US15003006806,Census Tract 68.06,,1403,82,658,663,5.84,46.9,47.26
15003006810,"Census Tract 68.10, Honolulu County, Hawaii",ACSSF,hi,140,0,470,15,3,6810,14000US15003006810,Census Tract 68.10,,1898,11,1326,561,0.58,69.86,29.56
15003006811,"Census Tract 68.11, Honolulu County, Hawaii",ACSSF,hi,140,0,471,15,3,6811,14000US15003006811,Census Tract 68.11,,875,0,410,465,0,46.86,53.14
15003006812,"Census Tract 68.12, Honolulu County, Hawaii",ACSSF,hi,140,0,472,15,3,6812,14000US15003006812,Census Tract 68.12,,1126,107,629,390,9.5,55.86,34.64
15003006813,"Census Tract 68.13, Honolulu County, Hawaii",ACSSF,hi,140,0,473,15,3,6813,14000US15003006813,Census Tract 68.13,,4090,275,1806,2009,6.72,44.16,49.12
15003006814,"Census Tract 68.14, Honolulu County, Hawaii",ACSSF,hi,140,0,474,15,3,6814,14000US15003006814,Census Tract 68.14,,1964,368,1143,453,18.74,58.2,23.07
15003006815,"Census Tract 68.15, Honolulu County, Hawaii",ACSSF,hi,140,0,475,15,3,6815,14000US15003006815,Census Tract 68.15,,2064,318,1225,521,15.41,59.35,25.24
15003006816,"Census Tract 68.16, Honolulu County, Hawaii",ACSSF,hi,140,0,476,15,3,6816,14000US15003006816,Census Tract 68.16,,1397,103,885,409,7.37,63.35,29.28
15003006817,"Census Tract 68.17, Honolulu County, Hawaii",ACSSF,hi,140,0,477,15,3,6817,14000US15003006817,Census Tract 68.17,,3349,549,2057,743,16.39,61.42,22.19
15003006818,"Census Tract 68.18, Honolulu County, Hawaii",ACSSF,hi,140,0,478,15,3,6818,14000US15003006818,Census Tract 68.18,,1329,181,577,571,13.62,43.42,42.96
15003006819,"Census Tract 68.19, Honolulu County, Hawaii",ACSSF,hi,140,0,479,15,3,6819,14000US15003006819,Census Tract 68.19,,2258,380,1340,538,16.83,59.34,23.83
15003006900,"Census Tract 69, Honolulu County, Hawaii",ACSSF,hi,140,0,480,15,3,6900,14000US15003006900,Census Tract 69,,2059,40,1291,728,1.94,62.7,35.36
15003007001,"Census Tract 70.01, Honolulu County, Hawaii",ACSSF,hi,140,0,481,15,3,7001,14000US15003007001,Census Tract 70.01,,1181,27,687,467,2.29,58.17,39.54
15003007002,"Census Tract 70.02, Honolulu County, Hawaii",ACSSF,hi,140,0,482,15,3,7002,14000US15003007002,Census Tract 70.02,,1434,23,1026,385,1.6,71.55,26.85
15003007100,"Census Tract 71, Honolulu County, Hawaii",ACSSF,hi,140,0,483,15,3,7100,14000US15003007100,Census Tract 71,,2166,9,1260,897,0.42,58.17,41.41
15003007302,"Census Tract 73.02, Honolulu County, Hawaii",ACSSF,hi,140,0,484,15,3,7302,14000US15003007302,Census Tract 73.02,,2968,60,1226,1682,2.02,41.31,56.67
15003007400,"Census Tract 74, Honolulu County, Hawaii",ACSSF,hi,140,0,485,15,3,7400,14000US15003007400,Census Tract 74,,2492,10,1560,922,0.4,62.6,37
15003007504,"Census Tract 75.04, Honolulu County, Hawaii",ACSSF,hi,140,0,486,15,3,7504,14000US15003007504,Census Tract 75.04,,2045,220,1596,229,10.76,78.04,11.2
15003007507,"Census Tract 75.07, Honolulu County, Hawaii",ACSSF,hi,140,0,487,15,3,7507,14000US15003007507,Census Tract 75.07,,4788,378,2804,1606,7.89,58.56,33.54
15003007508,"Census Tract 75.08, Honolulu County, Hawaii",ACSSF,hi,140,0,488,15,3,7508,14000US15003007508,Census Tract 75.08,,5168,323,3032,1813,6.25,58.67,35.08
15003007701,"Census Tract 77.01, Honolulu County, Hawaii",ACSSF,hi,140,0,489,15,3,7701,14000US15003007701,Census Tract 77.01,,2659,161,1592,906,6.05,59.87,34.07
15003007702,"Census Tract 77.02, Honolulu County, Hawaii",ACSSF,hi,140,0,490,15,3,7702,14000US15003007702,Census Tract 77.02,,4010,103,2395,1512,2.57,59.73,37.71
15003007804,"Census Tract 78.04, Honolulu County, Hawaii",ACSSF,hi,140,0,491,15,3,7804,14000US15003007804,Census Tract 78.04,,1641,68,990,583,4.14,60.33,35.53
15003007807,"Census Tract 78.07, Honolulu County, Hawaii",ACSSF,hi,140,0,492,15,3,7807,14000US15003007807,Census Tract 78.07,,4161,297,2619,1245,7.14,62.94,29.92
15003007808,"Census Tract 78.08, Honolulu County, Hawaii",ACSSF,hi,140,0,493,15,3,7808,14000US15003007808,Census Tract 78.08,,2615,158,1951,506,6.04,74.61,19.35
15003007809,"Census Tract 78.09, Honolulu County, Hawaii",ACSSF,hi,140,0,494,15,3,7809,14000US15003007809,Census Tract 78.09,,2897,42,998,1857,1.45,34.45,64.1
15003007812,"Census Tract 78.12, Honolulu County, Hawaii",ACSSF,hi,140,0,495,15,3,7812,14000US15003007812,Census Tract 78.12,,1735,75,1216,444,4.32,70.09,25.59
15003007813,"Census Tract 78.13, Honolulu County, Hawaii",ACSSF,hi,140,0,496,15,3,7813,14000US15003007813,Census Tract 78.13,,2234,25,1365,844,1.12,61.1,37.78
15003007814,"Census Tract 78.14, Honolulu County, Hawaii",ACSSF,hi,140,0,497,15,3,7814,14000US15003007814,Census Tract 78.14,,2934,57,1212,1665,1.94,41.31,56.75
15003007815,"Census Tract 78.15, Honolulu County, Hawaii",ACSSF,hi,140,0,498,15,3,7815,14000US15003007815,Census Tract 78.15,,1613,53,937,623,3.29,58.09,38.62
15003007816,"Census Tract 78.16, Honolulu County, Hawaii",ACSSF,hi,140,0,499,15,3,7816,14000US15003007816,Census Tract 78.16,,2461,88,1425,948,3.58,57.9,38.52
15003007817,"Census Tract 78.17, Honolulu County, Hawaii",ACSSF,hi,140,0,500,15,3,7817,14000US15003007817,Census Tract 78.17,,1159,86,469,604,7.42,40.47,52.11
15003008001,"Census Tract 80.01, Honolulu County, Hawaii",ACSSF,hi,140,0,501,15,3,8001,14000US15003008001,Census Tract 80.01,,1989,342,1363,284,17.19,68.53,14.28
15003008002,"Census Tract 80.02, Honolulu County, Hawaii",ACSSF,hi,140,0,502,15,3,8002,14000US15003008002,Census Tract 80.02,,2225,175,1427,623,7.87,64.13,28
15003008005,"Census Tract 80.05, Honolulu County, Hawaii",ACSSF,hi,140,0,503,15,3,8005,14000US15003008005,Census Tract 80.05,,4809,117,2913,1779,2.43,60.57,36.99
15003008008,"Census Tract 80.08, Honolulu County, Hawaii",ACSSF,hi,140,0,504,15,3,8008,14000US15003008008,Census Tract 80.08,,912,37,671,204,4.06,73.57,22.37
15003008009,"Census Tract 80.09, Honolulu County, Hawaii",ACSSF,hi,140,0,505,15,3,8009,14000US15003008009,Census Tract 80.09,,2132,201,1149,782,9.43,53.89,36.68
15003008010,"Census Tract 80.10, Honolulu County, Hawaii",ACSSF,hi,140,0,506,15,3,8010,14000US15003008010,Census Tract 80.10,,1733,104,1262,367,6,72.82,21.18
15003008011,"Census Tract 80.11, Honolulu County, Hawaii",ACSSF,hi,140,0,507,15,3,8011,14000US15003008011,Census Tract 80.11,,1999,213,1156,630,10.66,57.83,31.52
15003008012,"Census Tract 80.12, Honolulu County, Hawaii",ACSSF,hi,140,0,508,15,3,8012,14000US15003008012,Census Tract 80.12,,2332,123,1586,623,5.27,68.01,26.72
15003008013,"Census Tract 80.13, Honolulu County, Hawaii",ACSSF,hi,140,0,509,15,3,8013,14000US15003008013,Census Tract 80.13,,1546,32,881,633,2.07,56.99,40.94
15003008301,"Census Tract 83.01, Honolulu County, Hawaii",ACSSF,hi,140,0,510,15,3,8301,14000US15003008301,Census Tract 83.01,,3007,94,1732,1181,3.13,57.6,39.28
15003008302,"Census Tract 83.02, Honolulu County, Hawaii",ACSSF,hi,140,0,511,15,3,8302,14000US15003008302,Census Tract 83.02,,4653,651,3115,887,13.99,66.95,19.06
15003008405,"Census Tract 84.05, Honolulu County, Hawaii",ACSSF,hi,140,0,512,15,3,8405,14000US15003008405,Census Tract 84.05,,3981,345,2563,1073,8.67,64.38,26.95
15003008407,"Census Tract 84.07, Honolulu County, Hawaii",ACSSF,hi,140,0,513,15,3,8407,14000US15003008407,Census Tract 84.07,,2722,132,1847,743,4.85,67.85,27.3
15003008408,"Census Tract 84.08, Honolulu County, Hawaii",ACSSF,hi,140,0,514,15,3,8408,14000US15003008408,Census Tract 84.08,,6197,171,2908,3118,2.76,46.93,50.31
15003008410,"Census Tract 84.10, Honolulu County, Hawaii",ACSSF,hi,140,0,515,15,3,8410,14000US15003008410,Census Tract 84.10,,4025,356,2273,1396,8.84,56.47,34.68
15003008411,"Census Tract 84.11, Honolulu County, Hawaii",ACSSF,hi,140,0,516,15,3,8411,14000US15003008411,Census Tract 84.11,,2575,174,1632,769,6.76,63.38,29.86
15003008413,"Census Tract 84.13, Honolulu County, Hawaii",ACSSF,hi,140,0,517,15,3,8413,14000US15003008413,Census Tract 84.13,,2008,390,1349,269,19.42,67.18,13.4
15003008414,"Census Tract 84.14, Honolulu County, Hawaii",ACSSF,hi,140,0,518,15,3,8414,14000US15003008414,Census Tract 84.14,,1488,80,906,502,5.38,60.89,33.74
15003008415,"Census Tract 84.15, Honolulu County, Hawaii",ACSSF,hi,140,0,519,15,3,8415,14000US15003008415,Census Tract 84.15,,2681,93,1860,728,3.47,69.38,27.15
15003008416,"Census Tract 84.16, Honolulu County, Hawaii",ACSSF,hi,140,0,520,15,3,8416,14000US15003008416,Census Tract 84.16,,2403,40,1959,404,1.66,81.52,16.81
15003008417,"Census Tract 84.17, Honolulu County, Hawaii",ACSSF,hi,140,0,521,15,3,8417,14000US15003008417,Census Tract 84.17,,3109,143,1958,1008,4.6,62.98,32.42
15003008418,"Census Tract 84.18, Honolulu County, Hawaii",ACSSF,hi,140,0,522,15,3,8418,14000US15003008418,Census Tract 84.18,,3822,278,2512,1032,7.27,65.72,27
15003008502,"Census Tract 85.02, Honolulu County, Hawaii",ACSSF,hi,140,0,523,15,3,8502,14000US15003008502,Census Tract 85.02,,1844,70,1337,437,3.8,72.51,23.7
15003008609,"Census Tract 86.09, Honolulu County, Hawaii",ACSSF,hi,140,0,524,15,3,8609,14000US15003008609,Census Tract 86.09,,1528,92,1075,361,6.02,70.35,23.63
15003008610,"Census Tract 86.10, Honolulu County, Hawaii",ACSSF,hi,140,0,525,15,3,8610,14000US15003008610,Census Tract 86.10,,797,63,280,454,7.9,35.13,56.96
15003008611,"Census Tract 86.11, Honolulu County, Hawaii",ACSSF,hi,140,0,526,15,3,8611,14000US15003008611,Census Tract 86.11,,11,0,11,0,0,100,0
15003008623,"Census Tract 86.23, Honolulu County, Hawaii",ACSSF,hi,140,0,527,15,3,8623,14000US15003008623,Census Tract 86.23,,3482,122,2251,1109,3.5,64.65,31.85
15003008624,"Census Tract 86.24, Honolulu County, Hawaii",ACSSF,hi,140,0,528,15,3,8624,14000US15003008624,Census Tract 86.24,,2180,128,1414,638,5.87,64.86,29.27
15003008625,"Census Tract 86.25, Honolulu County, Hawaii",ACSSF,hi,140,0,529,15,3,8625,14000US15003008625,Census Tract 86.25,,2262,560,1391,311,24.76,61.49,13.75
15003008626,"Census Tract 86.26, Honolulu County, Hawaii",ACSSF,hi,140,0,530,15,3,8626,14000US15003008626,Census Tract 86.26,,1928,228,1265,435,11.83,65.61,22.56
15003008627,"Census Tract 86.27, Honolulu County, Hawaii",ACSSF,hi,140,0,531,15,3,8627,14000US15003008627,Census Tract 86.27,,4246,221,2410,1615,5.2,56.76,38.04
15003008628,"Census Tract 86.28, Honolulu County, Hawaii",ACSSF,hi,140,0,532,15,3,8628,14000US15003008628,Census Tract 86.28,,2568,245,1536,787,9.54,59.81,30.65
15003008629,"Census Tract 86.29, Honolulu County, Hawaii",ACSSF,hi,140,0,533,15,3,8629,14000US15003008629,Census Tract 86.29,,1290,126,995,169,9.77,77.13,13.1
15003008630,"Census Tract 86.30, Honolulu County, Hawaii",ACSSF,hi,140,0,534,15,3,8630,14000US15003008630,Census Tract 86.30,,2148,165,1433,550,7.68,66.71,25.61
15003008631,"Census Tract 86.31, Honolulu County, Hawaii",ACSSF,hi,140,0,535,15,3,8631,14000US15003008631,Census Tract 86.31,,2329,54,1356,919,2.32,58.22,39.46
15003008632,"Census Tract 86.32, Honolulu County, Hawaii",ACSSF,hi,140,0,536,15,3,8632,14000US15003008632,Census Tract 86.32,,3526,147,2440,939,4.17,69.2,26.63
15003008633,"Census Tract 86.33, Honolulu County, Hawaii",ACSSF,hi,140,0,537,15,3,8633,14000US15003008633,Census Tract 86.33,,2108,93,1360,655,4.41,64.52,31.07
15003008634,"Census Tract 86.34, Honolulu County, Hawaii",ACSSF,hi,140,0,538,15,3,8634,14000US15003008634,Census Tract 86.34,,2071,56,1336,679,2.7,64.51,32.79
15003008702,"Census Tract 87.02, Honolulu County, Hawaii",ACSSF,hi,140,0,539,15,3,8702,14000US15003008702,Census Tract 87.02,,3576,670,2251,655,18.74,62.95,18.32
15003008704,"Census Tract 87.04, Honolulu County, Hawaii",ACSSF,hi,140,0,540,15,3,8704,14000US15003008704,Census Tract 87.04,,1680,148,1286,246,8.81,76.55,14.64
15003008705,"Census Tract 87.05, Honolulu County, Hawaii",ACSSF,hi,140,0,541,15,3,8705,14000US15003008705,Census Tract 87.05,,1778,210,1385,183,11.81,77.9,10.29
15003008706,"Census Tract 87.06, Honolulu County, Hawaii",ACSSF,hi,140,0,542,15,3,8706,14000US15003008706,Census Tract 87.06,,2509,278,1519,712,11.08,60.54,28.38
15003008707,"Census Tract 87.07, Honolulu County, Hawaii",ACSSF,hi,140,0,543,15,3,8707,14000US15003008707,Census Tract 87.07,,4431,455,3246,730,10.27,73.26,16.47
15003008801,"Census Tract 88.01, Honolulu County, Hawaii",ACSSF,hi,140,0,544,15,3,8801,14000US15003008801,Census Tract 88.01,,2791,555,1468,768,19.89,52.6,27.52
15003008802,"Census Tract 88.02, Honolulu County, Hawaii",ACSSF,hi,140,0,545,15,3,8802,14000US15003008802,Census Tract 88.02,,3679,557,2363,759,15.14,64.23,20.63
15003008906,"Census Tract 89.06, Honolulu County, Hawaii",ACSSF,hi,140,0,546,15,3,8906,14000US15003008906,Census Tract 89.06,,2811,73,1596,1142,2.6,56.78,40.63
15003008909,"Census Tract 89.09, Honolulu County, Hawaii",ACSSF,hi,140,0,547,15,3,8909,14000US15003008909,Census Tract 89.09,,3218,110,1895,1213,3.42,58.89,37.69
15003008912,"Census Tract 89.12, Honolulu County, Hawaii",ACSSF,hi,140,0,548,15,3,8912,14000US15003008912,Census Tract 89.12,,2290,297,1494,499,12.97,65.24,21.79
15003008913,"Census Tract 89.13, Honolulu County, Hawaii",ACSSF,hi,140,0,549,15,3,8913,14000US15003008913,Census Tract 89.13,,3208,407,2220,581,12.69,69.2,18.11
15003008917,"Census Tract 89.17, Honolulu County, Hawaii",ACSSF,hi,140,0,550,15,3,8917,14000US15003008917,Census Tract 89.17,,3640,198,1851,1591,5.44,50.85,43.71
15003008918,"Census Tract 89.18, Honolulu County, Hawaii",ACSSF,hi,140,0,551,15,3,8918,14000US15003008918,Census Tract 89.18,,3867,243,2109,1515,6.28,54.54,39.18
15003008921,"Census Tract 89.21, Honolulu County, Hawaii",ACSSF,hi,140,0,552,15,3,8921,14000US15003008921,Census Tract 89.21,,1969,155,1365,449,7.87,69.32,22.8
15003008926,"Census Tract 89.26, Honolulu County, Hawaii",ACSSF,hi,140,0,553,15,3,8926,14000US15003008926,Census Tract 89.26,,1294,0,716,578,0,55.33,44.67
15003008928,"Census Tract 89.28, Honolulu County, Hawaii",ACSSF,hi,140,0,554,15,3,8928,14000US15003008928,Census Tract 89.28,,2354,111,1098,1145,4.72,46.64,48.64
15003008929,"Census Tract 89.29, Honolulu County, Hawaii",ACSSF,hi,140,0,555,15,3,8929,14000US15003008929,Census Tract 89.29,,3944,163,2163,1618,4.13,54.84,41.02
15003008930,"Census Tract 89.30, Honolulu County, Hawaii",ACSSF,hi,140,0,556,15,3,8930,14000US15003008930,Census Tract 89.30,,1693,50,632,1011,2.95,37.33,59.72
15003008931,"Census Tract 89.31, Honolulu County, Hawaii",ACSSF,hi,140,0,557,15,3,8931,14000US15003008931,Census Tract 89.31,,2268,73,1156,1039,3.22,50.97,45.81
15003008932,"Census Tract 89.32, Honolulu County, Hawaii",ACSSF,hi,140,0,558,15,3,8932,14000US15003008932,Census Tract 89.32,,1632,66,819,747,4.04,50.18,45.77
15003008933,"Census Tract 89.33, Honolulu County, Hawaii",ACSSF,hi,140,0,559,15,3,8933,14000US15003008933,Census Tract 89.33,,2764,129,1497,1138,4.67,54.16,41.17
15003008934,"Census Tract 89.34, Honolulu County, Hawaii",ACSSF,hi,140,0,560,15,3,8934,14000US15003008934,Census Tract 89.34,,2611,161,1710,740,6.17,65.49,28.34
15003008935,"Census Tract 89.35, Honolulu County, Hawaii",ACSSF,hi,140,0,561,15,3,8935,14000US15003008935,Census Tract 89.35,,2611,203,1585,823,7.77,60.7,31.52
15003008936,"Census Tract 89.36, Honolulu County, Hawaii",ACSSF,hi,140,0,562,15,3,8936,14000US15003008936,Census Tract 89.36,,2081,271,1278,532,13.02,61.41,25.56
15003008937,"Census Tract 89.37, Honolulu County, Hawaii",ACSSF,hi,140,0,563,15,3,8937,14000US15003008937,Census Tract 89.37,,1636,233,1138,265,14.24,69.56,16.2
15003008938,"Census Tract 89.38, Honolulu County, Hawaii",ACSSF,hi,140,0,564,15,3,8938,14000US15003008938,Census Tract 89.38,,2418,309,1787,322,12.78,73.9,13.32
15003008939,"Census Tract 89.39, Honolulu County, Hawaii",ACSSF,hi,140,0,565,15,3,8939,14000US15003008939,Census Tract 89.39,,1719,50,1212,457,2.91,70.51,26.59
15003008940,"Census Tract 89.40, Honolulu County, Hawaii",ACSSF,hi,140,0,566,15,3,8940,14000US15003008940,Census Tract 89.40,,2251,152,1399,700,6.75,62.15,31.1
15003008941,"Census Tract 89.41, Honolulu County, Hawaii",ACSSF,hi,140,0,567,15,3,8941,14000US15003008941,Census Tract 89.41,,1408,142,803,463,10.09,57.03,32.88
15003008942,"Census Tract 89.42, Honolulu County, Hawaii",ACSSF,hi,140,0,568,15,3,8942,14000US15003008942,Census Tract 89.42,,1397,62,967,368,4.44,69.22,26.34
15003008943,"Census Tract 89.43, Honolulu County, Hawaii",ACSSF,hi,140,0,569,15,3,8943,14000US15003008943,Census Tract 89.43,,769,10,250,509,1.3,32.51,66.19
15003008944,"Census Tract 89.44, Honolulu County, Hawaii",ACSSF,hi,140,0,570,15,3,8944,14000US15003008944,Census Tract 89.44,,2449,38,1062,1349,1.55,43.36,55.08
15003008945,"Census Tract 89.45, Honolulu County, Hawaii",ACSSF,hi,140,0,571,15,3,8945,14000US15003008945,Census Tract 89.45,,954,34,635,285,3.56,66.56,29.87
15003008946,"Census Tract 89.46, Honolulu County, Hawaii",ACSSF,hi,140,0,572,15,3,8946,14000US15003008946,Census Tract 89.46,,2217,82,1300,835,3.7,58.64,37.66
15003008947,"Census Tract 89.47, Honolulu County, Hawaii",ACSSF,hi,140,0,573,15,3,8947,14000US15003008947,Census Tract 89.47,,1222,33,771,418,2.7,63.09,34.21
15003008948,"Census Tract 89.48, Honolulu County, Hawaii",ACSSF,hi,140,0,574,15,3,8948,14000US15003008948,Census Tract 89.48,,2060,75,1356,629,3.64,65.83,30.53
15003008949,"Census Tract 89.49, Honolulu County, Hawaii",ACSSF,hi,140,0,575,15,3,8949,14000US15003008949,Census Tract 89.49,,1532,0,958,574,0,62.53,37.47
15003008950,"Census Tract 89.50, Honolulu County, Hawaii",ACSSF,hi,140,0,576,15,3,8950,14000US15003008950,Census Tract 89.50,,1414,31,777,606,2.19,54.95,42.86
15003008951,"Census Tract 89.51, Honolulu County, Hawaii",ACSSF,hi,140,0,577,15,3,8951,14000US15003008951,Census Tract 89.51,,1371,49,852,470,3.57,62.14,34.28
15003008952,"Census Tract 89.52, Honolulu County, Hawaii",ACSSF,hi,140,0,578,15,3,8952,14000US15003008952,Census Tract 89.52,,4255,109,2514,1632,2.56,59.08,38.35
15003009000,"Census Tract 90, Honolulu County, Hawaii",ACSSF,hi,140,0,579,15,3,9000,14000US15003009000,Census Tract 90,,1162,28,869,265,2.41,74.78,22.81
15003009100,"Census Tract 91, Honolulu County, Hawaii",ACSSF,hi,140,0,580,15,3,9100,14000US15003009100,Census Tract 91,,3097,536,2008,553,17.31,64.84,17.86
15003009201,"Census Tract 92.01, Honolulu County, Hawaii",ACSSF,hi,140,0,581,15,3,9201,14000US15003009201,Census Tract 92.01,,2110,35,1405,670,1.66,66.59,31.75
15003009202,"Census Tract 92.02, Honolulu County, Hawaii",ACSSF,hi,140,0,582,15,3,9202,14000US15003009202,Census Tract 92.02,,1458,50,994,414,3.43,68.18,28.4
15003009203,"Census Tract 92.03, Honolulu County, Hawaii",ACSSF,hi,140,0,583,15,3,9203,14000US15003009203,Census Tract 92.03,,1869,173,1167,529,9.26,62.44,28.3
15003009301,"Census Tract 93.01, Honolulu County, Hawaii",ACSSF,hi,140,0,584,15,3,9301,14000US15003009301,Census Tract 93.01,,1035,95,767,173,9.18,74.11,16.71
15003009302,"Census Tract 93.02, Honolulu County, Hawaii",ACSSF,hi,140,0,585,15,3,9302,14000US15003009302,Census Tract 93.02,,2640,280,1784,576,10.61,67.58,21.82
15003009401,"Census Tract 94.01, Honolulu County, Hawaii",ACSSF,hi,140,0,586,15,3,9401,14000US15003009401,Census Tract 94.01,,1014,102,664,248,10.06,65.48,24.46
15003009402,"Census Tract 94.02, Honolulu County, Hawaii",ACSSF,hi,140,0,587,15,3,9402,14000US15003009402,Census Tract 94.02,,2155,251,1576,328,11.65,73.13,15.22
15003009507,"Census Tract 95.07, Honolulu County, Hawaii",ACSSF,hi,140,0,588,15,3,9507,14000US15003009507,Census Tract 95.07,,848,14,610,224,1.65,71.93,26.42
15003009508,"Census Tract 95.08, Honolulu County, Hawaii",ACSSF,hi,140,0,589,15,3,9508,14000US15003009508,Census Tract 95.08,,771,19,542,210,2.46,70.3,27.24
15003009509,"Census Tract 95.09, Honolulu County, Hawaii",ACSSF,hi,140,0,590,15,3,9509,14000US15003009509,Census Tract 95.09,,1563,12,998,553,0.77,63.85,35.38
15003009510,"Census Tract 95.10, Honolulu County, Hawaii",ACSSF,hi,140,0,591,15,3,9510,14000US15003009510,Census Tract 95.10,,784,41,571,172,5.23,72.83,21.94
15003009511,"Census Tract 95.11, Honolulu County, Hawaii",ACSSF,hi,140,0,592,15,3,9511,14000US15003009511,Census Tract 95.11,,1187,13,792,382,1.1,66.72,32.18
15003009512,"Census Tract 95.12, Honolulu County, Hawaii",ACSSF,hi,140,0,593,15,3,9512,14000US15003009512,Census Tract 95.12,,1444,7,1028,409,0.48,71.19,28.32
15003009608,"Census Tract 96.08, Honolulu County, Hawaii",ACSSF,hi,140,0,594,15,3,9608,14000US15003009608,Census Tract 96.08,,3135,239,2355,541,7.62,75.12,17.26
15003009609,"Census Tract 96.09, Honolulu County, Hawaii",ACSSF,hi,140,0,595,15,3,9609,14000US15003009609,Census Tract 96.09,,3069,51,2009,1009,1.66,65.46,32.88
15003009610,"Census Tract 96.10, Honolulu County, Hawaii",ACSSF,hi,140,0,596,15,3,9610,14000US15003009610,Census Tract 96.10,,4757,491,3488,778,10.32,73.32,16.35
15003009704,"Census Tract 97.04, Honolulu County, Hawaii",ACSSF,hi,140,0,597,15,3,9704,14000US15003009704,Census Tract 97.04,,2070,229,1528,313,11.06,73.82,15.12
15003009705,"Census Tract 97.05, Honolulu County, Hawaii",ACSSF,hi,140,0,598,15,3,9705,14000US15003009705,Census Tract 97.05,,2225,177,1664,384,7.96,74.79,17.26
15003009706,"Census Tract 97.06, Honolulu County, Hawaii",ACSSF,hi,140,0,599,15,3,9706,14000US15003009706,Census Tract 97.06,,2294,152,1956,186,6.63,85.27,8.11
15003009707,"Census Tract 97.07, Honolulu County, Hawaii",ACSSF,hi,140,0,600,15,3,9707,14000US15003009707,Census Tract 97.07,,4200,574,2964,662,13.67,70.57,15.76
15003009801,"Census Tract 98.01, Honolulu County, Hawaii",ACSSF,hi,140,0,601,15,3,9801,14000US15003009801,Census Tract 98.01,,1996,181,1210,605,9.07,60.62,30.31
15003009803,"Census Tract 98.03, Honolulu County, Hawaii",ACSSF,hi,140,0,602,15,3,9803,14000US15003009803,Census Tract 98.03,,1643,195,1132,316,11.87,68.9,19.23
15003009804,"Census Tract 98.04, Honolulu County, Hawaii",ACSSF,hi,140,0,603,15,3,9804,14000US15003009804,Census Tract 98.04,,1795,107,1518,170,5.96,84.57,9.47
15003009902,"Census Tract 99.02, Honolulu County, Hawaii",ACSSF,hi,140,0,604,15,3,9902,14000US15003009902,Census Tract 99.02,,2773,223,2068,482,8.04,74.58,17.38
15003009905,"Census Tract 99.05, Honolulu County, Hawaii",ACSSF,hi,140,0,605,15,3,9905,14000US15003009905,Census Tract 99.05,,2340,161,1552,627,6.88,66.32,26.79
15003009906,"Census Tract 99.06, Honolulu County, Hawaii",ACSSF,hi,140,0,606,15,3,9906,14000US15003009906,Census Tract 99.06,,1385,20,742,623,1.44,53.57,44.98
15003010000,"Census Tract 100, Honolulu County, Hawaii",ACSSF,hi,140,0,607,15,3,10000,14000US15003010000,Census Tract 100,,2396,76,1738,582,3.17,72.54,24.29
15003010101,"Census Tract 101.01, Honolulu County, Hawaii",ACSSF,hi,140,0,608,15,3,10101,14000US15003010101,Census Tract 101.01,,1533,15,997,521,0.98,65.04,33.99
15003010102,"Census Tract 101.02, Honolulu County, Hawaii",ACSSF,hi,140,0,609,15,3,10102,14000US15003010102,Census Tract 101.02,,1877,82,976,819,4.37,52,43.63
15003010103,"Census Tract 101.03, Honolulu County, Hawaii",ACSSF,hi,140,0,610,15,3,10103,14000US15003010103,Census Tract 101.03,,1640,95,1036,509,5.79,63.17,31.04
15003010202,"Census Tract 102.02, Honolulu County, Hawaii",ACSSF,hi,140,0,611,15,3,10202,14000US15003010202,Census Tract 102.02,,3776,155,2345,1276,4.1,62.1,33.79
15003010203,"Census Tract 102.03, Honolulu County, Hawaii",ACSSF,hi,140,0,612,15,3,10203,14000US15003010203,Census Tract 102.03,,759,41,493,225,5.4,64.95,29.64
15003010204,"Census Tract 102.04, Honolulu County, Hawaii",ACSSF,hi,140,0,613,15,3,10204,14000US15003010204,Census Tract 102.04,,1522,144,954,424,9.46,62.68,27.86
15003010205,"Census Tract 102.05, Honolulu County, Hawaii",ACSSF,hi,140,0,614,15,3,10205,14000US15003010205,Census Tract 102.05,,1291,35,708,548,2.71,54.84,42.45
15003010303,"Census Tract 103.03, Honolulu County, Hawaii",ACSSF,hi,140,0,615,15,3,10303,14000US15003010303,Census Tract 103.03,,2996,140,1745,1111,4.67,58.24,37.08
15003010305,"Census Tract 103.05, Honolulu County, Hawaii",ACSSF,hi,140,0,616,15,3,10305,14000US15003010305,Census Tract 103.05,,3723,151,2028,1544,4.06,54.47,41.47
15003010308,"Census Tract 103.08, Honolulu County, Hawaii",ACSSF,hi,140,0,617,15,3,10308,14000US15003010308,Census Tract 103.08,,2860,46,1489,1325,1.61,52.06,46.33
15003010309,"Census Tract 103.09, Honolulu County, Hawaii",ACSSF,hi,140,0,618,15,3,10309,14000US15003010309,Census Tract 103.09,,2807,21,1103,1683,0.75,39.29,59.96
15003010310,"Census Tract 103.10, Honolulu County, Hawaii",ACSSF,hi,140,0,619,15,3,10310,14000US15003010310,Census Tract 103.10,,1876,47,1136,693,2.51,60.55,36.94
15003010503,"Census Tract 105.03, Honolulu County, Hawaii",ACSSF,hi,140,0,620,15,3,10503,14000US15003010503,Census Tract 105.03,,1242,163,748,331,13.12,60.23,26.65
15003010505,"Census Tract 105.05, Honolulu County, Hawaii",ACSSF,hi,140,0,621,15,3,10505,14000US15003010505,Census Tract 105.05,,2876,35,1597,1244,1.22,55.53,43.25
15003010507,"Census Tract 105.07, Honolulu County, Hawaii",ACSSF,hi,140,0,622,15,3,10507,14000US15003010507,Census Tract 105.07,,3747,63,2537,1147,1.68,67.71,30.61
15003010508,"Census Tract 105.08, Honolulu County, Hawaii",ACSSF,hi,140,0,623,15,3,10508,14000US15003010508,Census Tract 105.08,,1868,0,896,972,0,47.97,52.03
15003010509,"Census Tract 105.09, Honolulu County, Hawaii",ACSSF,hi,140,0,624,15,3,10509,14000US15003010509,Census Tract 105.09,,1118,37,885,196,3.31,79.16,17.53
15003010510,"Census Tract 105.10, Honolulu County, Hawaii",ACSSF,hi,140,0,625,15,3,10510,14000US15003010510,Census Tract 105.10,,2491,132,1632,727,5.3,65.52,29.19
15003010601,"Census Tract 106.01, Honolulu County, Hawaii",ACSSF,hi,140,0,626,15,3,10601,14000US15003010601,Census Tract 106.01,,2625,269,1598,758,10.25,60.88,28.88
15003010602,"Census Tract 106.02, Honolulu County, Hawaii",ACSSF,hi,140,0,627,15,3,10602,14000US15003010602,Census Tract 106.02,,4222,232,2290,1700,5.5,54.24,40.27
15003010701,"Census Tract 107.01, Honolulu County, Hawaii",ACSSF,hi,140,0,628,15,3,10701,14000US15003010701,Census Tract 107.01,,2955,91,1266,1598,3.08,42.84,54.08
15003010702,"Census Tract 107.02, Honolulu County, Hawaii",ACSSF,hi,140,0,629,15,3,10702,14000US15003010702,Census Tract 107.02,,3012,118,2075,819,3.92,68.89,27.19
15003010901,"Census Tract 109.01, Honolulu County, Hawaii",ACSSF,hi,140,0,630,15,3,10901,14000US15003010901,Census Tract 109.01,,2155,63,749,1343,2.92,34.76,62.32
15003010903,"Census Tract 109.03, Honolulu County, Hawaii",ACSSF,hi,140,0,631,15,3,10903,14000US15003010903,Census Tract 109.03,,2692,161,1330,1201,5.98,49.41,44.61
15003010904,"Census Tract 109.04, Honolulu County, Hawaii",ACSSF,hi,140,0,632,15,3,10904,14000US15003010904,Census Tract 109.04,,2712,113,1699,900,4.17,62.65,33.19
15003010905,"Census Tract 109.05, Honolulu County, Hawaii",ACSSF,hi,140,0,633,15,3,10905,14000US15003010905,Census Tract 109.05,,1883,71,1091,721,3.77,57.94,38.29
15003011000,"Census Tract 110, Honolulu County, Hawaii",ACSSF,hi,140,0,634,15,3,11000,14000US15003011000,Census Tract 110,,2698,28,976,1694,1.04,36.17,62.79
15003011103,"Census Tract 111.03, Honolulu County, Hawaii",ACSSF,hi,140,0,635,15,3,11103,14000US15003011103,Census Tract 111.03,,3023,224,1280,1519,7.41,42.34,50.25
15003011104,"Census Tract 111.04, Honolulu County, Hawaii",ACSSF,hi,140,0,636,15,3,11104,14000US15003011104,Census Tract 111.04,,3977,131,2078,1768,3.29,52.25,44.46
15003011105,"Census Tract 111.05, Honolulu County, Hawaii",ACSSF,hi,140,0,637,15,3,11105,14000US15003011105,Census Tract 111.05,,2888,53,1166,1669,1.84,40.37,57.79
15003011106,"Census Tract 111.06, Honolulu County, Hawaii",ACSSF,hi,140,0,638,15,3,11106,14000US15003011106,Census Tract 111.06,,4392,90,2325,1977,2.05,52.94,45.01
15003011201,"Census Tract 112.01, Honolulu County, Hawaii",ACSSF,hi,140,0,639,15,3,11201,14000US15003011201,Census Tract 112.01,,3172,27,1216,1929,0.85,38.34,60.81
15003011202,"Census Tract 112.02, Honolulu County, Hawaii",ACSSF,hi,140,0,640,15,3,11202,14000US15003011202,Census Tract 112.02,,1330,12,422,896,0.9,31.73,67.37
15003011300,"Census Tract 113, Honolulu County, Hawaii",ACSSF,hi,140,0,641,15,3,11300,14000US15003011300,Census Tract 113,,3126,289,2327,510,9.25,74.44,16.31
15003011401,"Census Tract 114.01, Honolulu County, Hawaii",ACSSF,hi,140,0,642,15,3,11401,14000US15003011401,Census Tract 114.01,,1024,6,696,322,0.59,67.97,31.45
15003011500,"Census Tract 115, Honolulu County, Hawaii",ACSSF,hi,140,0,643,15,3,11500,14000US15003011500,Census Tract 115,,6922,392,3810,2720,5.66,55.04,39.3
15003011600,"Census Tract 116, Honolulu County, Hawaii",ACSSF,hi,140,0,644,15,3,11600,14000US15003011600,Census Tract 116,,1523,36,514,973,2.36,33.75,63.89
15003940003,"Census Tract 9400.03, Honolulu County, Hawaii",ACSSF,hi,140,0,645,15,3,940003,14000US15003940003,Census Tract 9400.03,,1596,156,926,514,9.77,58.02,32.21
15003940004,"Census Tract 9400.04, Honolulu County, Hawaii",ACSSF,hi,140,0,646,15,3,940004,14000US15003940004,Census Tract 9400.04,,1531,150,1131,250,9.8,73.87,16.33
15003940005,"Census Tract 9400.05, Honolulu County, Hawaii",ACSSF,hi,140,0,647,15,3,940005,14000US15003940005,Census Tract 9400.05,,1683,121,1384,178,7.19,82.23,10.58
15003940006,"Census Tract 9400.06, Honolulu County, Hawaii",ACSSF,hi,140,0,648,15,3,940006,14000US15003940006,Census Tract 9400.06,,1538,110,1298,130,7.15,84.4,8.45
15003940007,"Census Tract 9400.07, Honolulu County, Hawaii",ACSSF,hi,140,0,649,15,3,940007,14000US15003940007,Census Tract 9400.07,,1312,187,1056,69,14.25,80.49,5.26
15003980000,"Census Tract 9800, Honolulu County, Hawaii",ACSSF,hi,140,0,650,15,3,980000,14000US15003980000,Census Tract 9800,,0,0,0,0,,,
15003980200,"Census Tract 9802, Honolulu County, Hawaii",ACSSF,hi,140,0,651,15,3,980200,14000US15003980200,Census Tract 9802,,540,94,446,0,17.41,82.59,0
15003980300,"Census Tract 9803, Honolulu County, Hawaii",ACSSF,hi,140,0,652,15,3,980300,14000US15003980300,Census Tract 9803,,0,0,0,0,,,
15003980600,"Census Tract 9806, Honolulu County, Hawaii",ACSSF,hi,140,0,653,15,3,980600,14000US15003980600,Census Tract 9806,,0,0,0,0,,,
15003980700,"Census Tract 9807, Honolulu County, Hawaii",ACSSF,hi,140,0,654,15,3,980700,14000US15003980700,Census Tract 9807,,0,0,0,0,,,
15003980800,"Census Tract 9808, Honolulu County, Hawaii",ACSSF,hi,140,0,655,15,3,980800,14000US15003980800,Census Tract 9808,,0,0,0,0,,,
15003981000,"Census Tract 9810, Honolulu County, Hawaii",ACSSF,hi,140,0,656,15,3,981000,14000US15003981000,Census Tract 9810,,0,0,0,0,,,
15003981100,"Census Tract 9811, Honolulu County, Hawaii",ACSSF,hi,140,0,657,15,3,981100,14000US15003981100,Census Tract 9811,,11,4,0,7,36.36,0,63.64
15003981200,"Census Tract 9812, Honolulu County, Hawaii",ACSSF,hi,140,0,658,15,3,981200,14000US15003981200,Census Tract 9812,,0,0,0,0,,,
15003981300,"Census Tract 9813, Honolulu County, Hawaii",ACSSF,hi,140,0,659,15,3,981300,14000US15003981300,Census Tract 9813,,67,0,48,19,0,71.64,28.36
15003981400,"Census Tract 9814, Honolulu County, Hawaii",ACSSF,hi,140,0,660,15,3,981400,14000US15003981400,Census Tract 9814,,0,0,0,0,,,
15003981700,"Census Tract 9817, Honolulu County, Hawaii",ACSSF,hi,140,0,661,15,3,981700,14000US15003981700,Census Tract 9817,,1313,0,1100,213,0,83.78,16.22
15003981801,"Census Tract 9818.01, Honolulu County, Hawaii",ACSSF,hi,140,0,662,15,3,981801,14000US15003981801,Census Tract 9818.01,,1860,64,1183,613,3.44,63.6,32.96
15003981802,"Census Tract 9818.02, Honolulu County, Hawaii",ACSSF,hi,140,0,663,15,3,981802,14000US15003981802,Census Tract 9818.02,,844,19,443,382,2.25,52.49,45.26
15003981803,"Census Tract 9818.03, Honolulu County, Hawaii",ACSSF,hi,140,0,664,15,3,981803,14000US15003981803,Census Tract 9818.03,,444,0,316,128,0,71.17,28.83
15003981900,"Census Tract 9819, Honolulu County, Hawaii",ACSSF,hi,140,0,665,15,3,981900,14000US15003981900,Census Tract 9819,,100,0,92,8,0,92,8
15003982000,"Census Tract 9820, Honolulu County, Hawaii",ACSSF,hi,140,0,666,15,3,982000,14000US15003982000,Census Tract 9820,,545,18,273,254,3.3,50.09,46.61
15003982100,"Census Tract 9821, Honolulu County, Hawaii",ACSSF,hi,140,0,667,15,3,982100,14000US15003982100,Census Tract 9821,,0,0,0,0,,,
15003982200,"Census Tract 9822, Honolulu County, Hawaii",ACSSF,hi,140,0,668,15,3,982200,14000US15003982200,Census Tract 9822,,49,0,38,11,0,77.55,22.45
15003990001,"Census Tract 9900.01, Honolulu County, Hawaii",ACSSF,hi,140,0,669,15,3,990001,14000US15003990001,Census Tract 9900.01,,0,0,0,0,,,
15005031900,"Census Tract 319, Kalawao County, Hawaii",ACSSF,hi,140,0,670,15,5,31900,14000US15005031900,Census Tract 319,,47,3,27,17,6.38,57.45,36.17
15005990000,"Census Tract 9900, Kalawao County, Hawaii",ACSSF,hi,140,0,671,15,5,990000,14000US15005990000,Census Tract 9900,,0,0,0,0,,,
15007040104,"Census Tract 401.04, Kauai County, Hawaii",ACSSF,hi,140,0,672,15,7,40104,14000US15007040104,Census Tract 401.04,,843,174,373,296,20.64,44.25,35.11
15007040105,"Census Tract 401.05, Kauai County, Hawaii",ACSSF,hi,140,0,673,15,7,40105,14000US15007040105,Census Tract 401.05,,3089,240,2008,841,7.77,65,27.23
15007040106,"Census Tract 401.06, Kauai County, Hawaii",ACSSF,hi,140,0,674,15,7,40106,14000US15007040106,Census Tract 401.06,,1486,59,654,773,3.97,44.01,52.02
15007040204,"Census Tract 402.04, Kauai County, Hawaii",ACSSF,hi,140,0,675,15,7,40204,14000US15007040204,Census Tract 402.04,,4470,69,2810,1591,1.54,62.86,35.59
15007040205,"Census Tract 402.05, Kauai County, Hawaii",ACSSF,hi,140,0,676,15,7,40205,14000US15007040205,Census Tract 402.05,,3543,183,2168,1192,5.17,61.19,33.64
15007040301,"Census Tract 403.01, Kauai County, Hawaii",ACSSF,hi,140,0,677,15,7,40301,14000US15007040301,Census Tract 403.01,,4661,322,3106,1233,6.91,66.64,26.45
15007040302,"Census Tract 403.02, Kauai County, Hawaii",ACSSF,hi,140,0,678,15,7,40302,14000US15007040302,Census Tract 403.02,,2272,271,908,1093,11.93,39.96,48.11
15007040401,"Census Tract 404.01, Kauai County, Hawaii",ACSSF,hi,140,0,679,15,7,40401,14000US15007040401,Census Tract 404.01,,5386,699,3957,730,12.98,73.47,13.55
15007040402,"Census Tract 404.02, Kauai County, Hawaii",ACSSF,hi,140,0,680,15,7,40402,14000US15007040402,Census Tract 404.02,,2172,119,1319,734,5.48,60.73,33.79
15007040500,"Census Tract 405, Kauai County, Hawaii",ACSSF,hi,140,0,681,15,7,40500,14000US15007040500,Census Tract 405,,4888,375,2705,1808,7.67,55.34,36.99
15007040603,"Census Tract 406.03, Kauai County, Hawaii",ACSSF,hi,140,0,682,15,7,40603,14000US15007040603,Census Tract 406.03,,2062,99,1227,736,4.8,59.51,35.69
15007040604,"Census Tract 406.04, Kauai County, Hawaii",ACSSF,hi,140,0,683,15,7,40604,14000US15007040604,Census Tract 406.04,,2522,105,1628,789,4.16,64.55,31.28
15007040701,"Census Tract 407.01, Kauai County, Hawaii",ACSSF,hi,140,0,684,15,7,40701,14000US15007040701,Census Tract 407.01,,1903,64,1163,676,3.36,61.11,35.52
15007040702,"Census Tract 407.02, Kauai County, Hawaii",ACSSF,hi,140,0,685,15,7,40702,14000US15007040702,Census Tract 407.02,,3829,219,2157,1453,5.72,56.33,37.95
15007040800,"Census Tract 408, Kauai County, Hawaii",ACSSF,hi,140,0,686,15,7,40800,14000US15007040800,Census Tract 408,,2936,544,1997,395,18.53,68.02,13.45
15007040900,"Census Tract 409, Kauai County, Hawaii",ACSSF,hi,140,0,687,15,7,40900,14000US15007040900,Census Tract 409,,3519,413,2263,843,11.74,64.31,23.96
15007041200,"Census Tract 412, Kauai County, Hawaii",ACSSF,hi,140,0,688,15,7,41200,14000US15007041200,Census Tract 412,,0,0,0,0,,,
15007940000,"Census Tract 9400, Kauai County, Hawaii",ACSSF,hi,140,0,689,15,7,940000,14000US15007940000,Census Tract 9400,,2883,198,2096,589,6.87,72.7,20.43
15007990100,"Census Tract 9901, Kauai County, Hawaii",ACSSF,hi,140,0,690,15,7,990100,14000US15007990100,Census Tract 9901,,0,0,0,0,,,
15007990200,"Census Tract 9902, Kauai County, Hawaii",ACSSF,hi,140,0,691,15,7,990200,14000US15007990200,Census Tract 9902,,0,0,0,0,,,
15007990300,"Census Tract 9903, Kauai County, Hawaii",ACSSF,hi,140,0,692,15,7,990300,14000US15007990300,Census Tract 9903,,0,0,0,0,,,
15009030100,"Census Tract 301, Maui County, Hawaii",ACSSF,hi,140,0,693,15,9,30100,14000US15009030100,Census Tract 301,,915,24,675,216,2.62,73.77,23.61
15009030201,"Census Tract 302.01, Maui County, Hawaii",ACSSF,hi,140,0,694,15,9,30201,14000US15009030201,Census Tract 302.01,,2085,108,1492,485,5.18,71.56,23.26
15009030203,"Census Tract 302.03, Maui County, Hawaii",ACSSF,hi,140,0,695,15,9,30203,14000US15009030203,Census Tract 302.03,,3138,147,1894,1097,4.68,60.36,34.96
15009030204,"Census Tract 302.04, Maui County, Hawaii",ACSSF,hi,140,0,696,15,9,30204,14000US15009030204,Census Tract 302.04,,2980,661,1435,884,22.18,48.15,29.66
15009030304,"Census Tract 303.04, Maui County, Hawaii",ACSSF,hi,140,0,697,15,9,30304,14000US15009030304,Census Tract 303.04,,2627,81,1980,566,3.08,75.37,21.55
15009030305,"Census Tract 303.05, Maui County, Hawaii",ACSSF,hi,140,0,698,15,9,30305,14000US15009030305,Census Tract 303.05,,4244,179,1985,2080,4.22,46.77,49.01
15009030306,"Census Tract 303.06, Maui County, Hawaii",ACSSF,hi,140,0,699,15,9,30306,14000US15009030306,Census Tract 303.06,,2014,73,1218,723,3.62,60.48,35.9
15009030307,"Census Tract 303.07, Maui County, Hawaii",ACSSF,hi,140,0,700,15,9,30307,14000US15009030307,Census Tract 303.07,,1525,7,574,944,0.46,37.64,61.9
15009030403,"Census Tract 304.03, Maui County, Hawaii",ACSSF,hi,140,0,701,15,9,30403,14000US15009030403,Census Tract 304.03,,2762,133,1867,762,4.82,67.6,27.59
15009030404,"Census Tract 304.04, Maui County, Hawaii",ACSSF,hi,140,0,702,15,9,30404,14000US15009030404,Census Tract 304.04,,4103,268,2541,1294,6.53,61.93,31.54
15009030405,"Census Tract 304.05, Maui County, Hawaii",ACSSF,hi,140,0,703,15,9,30405,14000US15009030405,Census Tract 304.05,,1632,168,666,798,10.29,40.81,48.9
15009030406,"Census Tract 304.06, Maui County, Hawaii",ACSSF,hi,140,0,704,15,9,30406,14000US15009030406,Census Tract 304.06,,5061,203,3143,1715,4.01,62.1,33.89
15009030501,"Census Tract 305.01, Maui County, Hawaii",ACSSF,hi,140,0,705,15,9,30501,14000US15009030501,Census Tract 305.01,,1707,190,946,571,11.13,55.42,33.45
15009030705,"Census Tract 307.05, Maui County, Hawaii",ACSSF,hi,140,0,706,15,9,30705,14000US15009030705,Census Tract 307.05,,3012,148,2138,726,4.91,70.98,24.1
15009030706,"Census Tract 307.06, Maui County, Hawaii",ACSSF,hi,140,0,707,15,9,30706,14000US15009030706,Census Tract 307.06,,2106,63,1511,532,2.99,71.75,25.26
15009030708,"Census Tract 307.08, Maui County, Hawaii",ACSSF,hi,140,0,708,15,9,30708,14000US15009030708,Census Tract 307.08,,2426,181,1674,571,7.46,69,23.54
15009030709,"Census Tract 307.09, Maui County, Hawaii",ACSSF,hi,140,0,709,15,9,30709,14000US15009030709,Census Tract 307.09,,3094,227,1694,1173,7.34,54.75,37.91
15009030710,"Census Tract 307.10, Maui County, Hawaii",ACSSF,hi,140,0,710,15,9,30710,14000US15009030710,Census Tract 307.10,,2088,25,1125,938,1.2,53.88,44.92
15009030711,"Census Tract 307.11, Maui County, Hawaii",ACSSF,hi,140,0,711,15,9,30711,14000US15009030711,Census Tract 307.11,,1810,92,1010,708,5.08,55.8,39.12
15009030712,"Census Tract 307.12, Maui County, Hawaii",ACSSF,hi,140,0,712,15,9,30712,14000US15009030712,Census Tract 307.12,,1815,159,1050,606,8.76,57.85,33.39
15009030713,"Census Tract 307.13, Maui County, Hawaii",ACSSF,hi,140,0,713,15,9,30713,14000US15009030713,Census Tract 307.13,,2215,50,1334,831,2.26,60.23,37.52
15009030800,"Census Tract 308, Maui County, Hawaii",ACSSF,hi,140,0,714,15,9,30800,14000US15009030800,Census Tract 308,,5221,134,3693,1394,2.57,70.73,26.7
15009030901,"Census Tract 309.01, Maui County, Hawaii",ACSSF,hi,140,0,715,15,9,30901,14000US15009030901,Census Tract 309.01,,1599,157,1106,336,9.82,69.17,21.01
15009030902,"Census Tract 309.02, Maui County, Hawaii",ACSSF,hi,140,0,716,15,9,30902,14000US15009030902,Census Tract 309.02,,2034,66,1582,386,3.24,77.78,18.98
15009030903,"Census Tract 309.03, Maui County, Hawaii",ACSSF,hi,140,0,717,15,9,30903,14000US15009030903,Census Tract 309.03,,4991,545,3567,879,10.92,71.47,17.61
15009031001,"Census Tract 310.01, Maui County, Hawaii",ACSSF,hi,140,0,718,15,9,31001,14000US15009031001,Census Tract 310.01,,4365,187,2322,1856,4.28,53.2,42.52
15009031002,"Census Tract 310.02, Maui County, Hawaii",ACSSF,hi,140,0,719,15,9,31002,14000US15009031002,Census Tract 310.02,,2484,122,1346,1016,4.91,54.19,40.9
15009031102,"Census Tract 311.02, Maui County, Hawaii",ACSSF,hi,140,0,720,15,9,31102,14000US15009031102,Census Tract 311.02,,4233,450,2642,1141,10.63,62.41,26.95
15009031104,"Census Tract 311.04, Maui County, Hawaii",ACSSF,hi,140,0,721,15,9,31104,14000US15009031104,Census Tract 311.04,,1700,62,1210,428,3.65,71.18,25.18
15009031105,"Census Tract 311.05, Maui County, Hawaii",ACSSF,hi,140,0,722,15,9,31105,14000US15009031105,Census Tract 311.05,,4780,611,3271,898,12.78,68.43,18.79
15009031106,"Census Tract 311.06, Maui County, Hawaii",ACSSF,hi,140,0,723,15,9,31106,14000US15009031106,Census Tract 311.06,,3656,463,2005,1188,12.66,54.84,32.49
15009031107,"Census Tract 311.07, Maui County, Hawaii",ACSSF,hi,140,0,724,15,9,31107,14000US15009031107,Census Tract 311.07,,1955,344,1330,281,17.6,68.03,14.37
15009031402,"Census Tract 314.02, Maui County, Hawaii",ACSSF,hi,140,0,725,15,9,31402,14000US15009031402,Census Tract 314.02,,2184,164,1573,447,7.51,72.02,20.47
15009031404,"Census Tract 314.04, Maui County, Hawaii",ACSSF,hi,140,0,726,15,9,31404,14000US15009031404,Census Tract 314.04,,2469,125,1696,648,5.06,68.69,26.25
15009031405,"Census Tract 314.05, Maui County, Hawaii",ACSSF,hi,140,0,727,15,9,31405,14000US15009031405,Census Tract 314.05,,4432,541,2762,1129,12.21,62.32,25.47
15009031501,"Census Tract 315.01, Maui County, Hawaii",ACSSF,hi,140,0,728,15,9,31501,14000US15009031501,Census Tract 315.01,,1903,65,1485,353,3.42,78.03,18.55
15009031503,"Census Tract 315.03, Maui County, Hawaii",ACSSF,hi,140,0,729,15,9,31503,14000US15009031503,Census Tract 315.03,,2309,157,1481,671,6.8,64.14,29.06
15009031504,"Census Tract 315.04, Maui County, Hawaii",ACSSF,hi,140,0,730,15,9,31504,14000US15009031504,Census Tract 315.04,,1196,58,715,423,4.85,59.78,35.37
15009031505,"Census Tract 315.05, Maui County, Hawaii",ACSSF,hi,140,0,731,15,9,31505,14000US15009031505,Census Tract 315.05,,1765,72,976,717,4.08,55.3,40.62
15009031601,"Census Tract 316.01, Maui County, Hawaii",ACSSF,hi,140,0,732,15,9,31601,14000US15009031601,Census Tract 316.01,,2326,235,1444,647,10.1,62.08,27.82
15009031700,"Census Tract 317, Maui County, Hawaii",ACSSF,hi,140,0,733,15,9,31700,14000US15009031700,Census Tract 317,,2804,277,1919,608,9.88,68.44,21.68
15009031801,"Census Tract 318.01, Maui County, Hawaii",ACSSF,hi,140,0,734,15,9,31801,14000US15009031801,Census Tract 318.01,,1626,76,1127,423,4.67,69.31,26.01
15009031900,"Census Tract 319, Maui County, Hawaii",ACSSF,hi,140,0,735,15,9,31900,14000US15009031900,Census Tract 319,,3643,656,2080,907,18.01,57.1,24.9
15009032000,"Census Tract 320, Maui County, Hawaii",ACSSF,hi,140,0,736,15,9,32000,14000US15009032000,Census Tract 320,,785,18,404,363,2.29,51.46,46.24
15009980000,"Census Tract 9800, Maui County, Hawaii",ACSSF,hi,140,0,737,15,9,980000,14000US15009980000,Census Tract 9800,,0,0,0,0,,,
15009990000,"Census Tract 9900, Maui County, Hawaii",ACSSF,hi,140,0,738,15,9,990000,14000US15009990000,Census Tract 9900,,0,0,0,0,,,
15009990200,"Census Tract 9902, Maui County, Hawaii",ACSSF,hi,140,0,739,15,9,990200,14000US15009990200,Census Tract 9902,,0,0,0,0,,,
15009991200,"Census Tract 9912, Maui County, Hawaii",ACSSF,hi,140,0,740,15,9,991200,14000US15009991200,Census Tract 9912,,0,0,0,0,,,